id	name	category	quantity	unit	unitPrice	totalValue	code	purchaseDate	lot	supplier	notes	createdAt	updatedAt
inv-1767483353901-kx2to8c6y	Ponqué Ramo	comestibles	0	Unidad	18590	0	PAN-001	2026-01-03	PATY-20260103-001	Patty	Actualización de precio	2026-01-18T01:31:43.534Z	2026-02-03T00:30:53.454Z
inv-1767483353905-n6abubp0m	Club Colombia Trigo	bebidas alcoholicas	0	Lata	3648.33	0	CE-005	2024-12-29	PROVEEDORNOE-20241229-001	Proveedor no especificado	Nuevo producto	2026-01-18T01:31:43.534Z	2026-02-03T01:33:33.621Z
inv-1767483353905-q1dvhqyit	Poker latas	bebidas alcoholicas	26	Lata	2666.67	69333.42	CE-001	2024-12-29	PROVEEDORNOE-20241229-001	Proveedor no especificado	Nuevo producto	2026-01-18T01:31:43.534Z	2026-02-03T01:32:32.753Z
inv-1767483353905-rculqbs47	Four Loko	bebidas alcoholicas	0	Lata	15000	0	CE-006	2024-12-29	PROVEEDORNOE-20241229-001	Proveedor no especificado	Nuevo producto	2026-01-18T01:31:43.534Z	2026-02-03T01:32:46.618Z
inv-1767483353905-sje33kukt	Águila lata	bebidas alcoholicas	6	Lata	3500	21000	CE-003	2024-12-29	PROVEEDORNOE-20241229-001	Proveedor no especificado	Nuevo producto	2026-01-18T01:31:43.534Z	2026-02-01T17:33:43.595Z
inv-1767483353905-uqwddngmo	Poker latones	bebidas alcoholicas	3	Latón	3333.33	9999.99	CE-002	2024-12-29	PROVEEDORNOE-20241229-001	Proveedor no especificado	Nuevo producto	2026-01-18T01:31:43.534Z	2026-02-03T01:31:39.767Z
inv-1767483353905-uteot8kax	Águila latón	bebidas alcoholicas	0	Latón	4000	0	CE-004	2024-12-29	PROVEEDORNOE-20241229-001	Proveedor no especificado	Nuevo producto	2026-01-18T01:31:43.534Z	2026-02-03T01:28:54.648Z
inv-1767483353908-agu-est	Aguardiente	bebidas alcoholicas	1	Botella	51900	51900	AGU-EST	2024-12-01	STOKSONIA-20241201-001	Proveedor no especificado	Completa	2026-01-18T01:31:43.534Z	2026-02-03T01:27:54.635Z
inv-1767483353908-agu-nar	Aguardiente Nariño	bebidas alcoholicas	1	Botella	51900	51900	AGU-NAR	2024-12-01	STOKSONIA-20241201-001	Proveedor no especificado	Completas	2026-01-18T01:31:43.534Z	2026-02-03T01:26:41.070Z
inv-1767483353908-c1ooa4r20	Smirnoff Tamarindo	bebidas alcoholicas	1	Botella	54750	54750	VOD-SMI-TAM	2024-12-29	PROVEEDORNOE-20241229-001	Proveedor no especificado	Nuevo sabor	2026-01-18T01:31:43.534Z	2026-02-03T01:31:08.644Z
inv-1767483353908-cha-art	Chapil artesanal	bebidas alcoholicas	0	Botella	10000	0	CHA-ART	2024-12-01	STOKSONIA-20241201-001	Proveedor no especificado	Media	2026-01-18T01:31:43.534Z	2026-02-03T01:25:27.148Z
inv-1767483353908-con-dom	Coñac Domecq	bebidas alcoholicas	0	Botella	15000	0	COÑ-DOM	2024-12-01	STOKSONIA-20241201-001	Proveedor no especificado	Baja cantidad	2026-01-18T01:31:43.534Z	2026-02-03T01:25:15.068Z
inv-1767483353908-dlloi6yve	Vodka Moskovskaya	bebidas alcoholicas	0	Botella	58800	0	VOD-MOS	2024-12-29	PROVEEDORNOE-20241229-001	Proveedor no especificado	Buena rotación	2026-01-18T01:31:43.534Z	2026-03-04T18:10:39.301Z
inv-1767483353908-gmu0i0sa7	Vino Cruzares	bebidas alcoholicas	0	Botella	20000	0	VIN-CRU	2024-12-29	PROVEEDORNOE-20241229-001	Proveedor no especificado	Económico	2026-01-18T01:31:43.534Z	2026-02-03T01:30:34.965Z
inv-1767483353908-gqfhutm09	Vino Santa Elena	bebidas alcoholicas	2	Botella	66900	133800	VIN-SE	2024-12-29	PROVEEDORNOE-20241229-001	Proveedor no especificado	Cosecha 2024	2026-01-18T01:31:43.534Z	2026-02-01T17:33:43.595Z
inv-1767483353908-mr8nlyywm	Ginebra Gordon's	bebidas alcoholicas	1	Botella	78600	78600	GIN-GOR	2024-12-29	PROVEEDORNOE-20241229-001	Proveedor no especificado	Clásico	2026-01-18T01:31:43.534Z	2026-02-03T01:33:24.890Z
inv-1767483353908-teq-1800	Tequila 1800	bebidas alcoholicas	0	Botella	110000	0	TEQ-1800	2024-12-01	STOKSONIA-20241201-001	Proveedor no especificado	Media gastada	2026-01-18T01:31:43.534Z	2026-02-03T01:24:25.632Z
inv-1767483353908-teq-jc	José Cuervo Tequila	bebidas alcoholicas	0	Botella	110000	0	TEQ-JC	2024-12-01	STOKSONIA-20241201-001	Proveedor no especificado	1/4 inventario	2026-01-18T01:31:43.534Z	2026-02-03T01:24:51.699Z
inv-1767483353908-u55v6zs0u	Aperitivo Campari Milano	bebidas alcoholicas	1	Botella	121900	121900	CAM-MIL	2024-12-29	PROVEEDORNOE-20241229-001	Proveedor no especificado	Importado	2026-01-18T01:31:43.534Z	2026-02-03T01:34:02.314Z
inv-1767483353908-whi-op	Whisky Old Par	bebidas alcoholicas	0	Botella	42000	0	WHI-OP	2024-12-01	STOKSONIA-20241201-001	Proveedor no especificado	1/4 inventario	2026-01-18T01:31:43.534Z	2026-02-01T17:33:43.595Z
inv-1767483353908-whi-ss	Whisky Something Special	bebidas alcoholicas	1	Botella	12500	12500	WHI-SS	2024-12-01	STOKSONIA-20241201-001	Proveedor no especificado	Media	2026-01-18T01:31:43.534Z	2026-02-03T01:24:04.524Z
inv-1767483353908-y3b53io8x	Whisky Duggan's Dew	bebidas alcoholicas	1	Botella	48000	48000	WHI-DD	2024-12-29	PROVEEDORNOE-20241229-001	Proveedor no especificado	Oferta limitada	2026-01-18T01:31:43.534Z	2026-02-03T01:29:57.737Z
inv-1767483353908-y9q9alloi	Tequila Olmeca Blanco	bebidas alcoholicas	1	Botella	81500	81500	TEQ-OLM	2024-12-29	PROVEEDORNOE-20241229-001	Proveedor no especificado	Stock alto	2026-01-18T01:31:43.534Z	2026-02-01T17:33:43.595Z
inv-1767483353908-yecytqq00	Vino tinto Cata Vieja	bebidas alcoholicas	0	Botella	22900	0	VIN-CV	2024-12-29	PROVEEDORNOE-20241229-001	Proveedor no especificado	Promoción 2x1	2026-01-18T01:31:43.534Z	2026-02-03T01:30:22.986Z
inv-1767483353913-1889mnu82	Hielo bolsa	insumos para cocteles	0	Bolsa	12000	0	HIE-001	2024-12-01	STOKSONIA-20241201-001	Proveedor no especificado		2026-01-18T01:31:43.534Z	2026-02-03T01:09:09.744Z
inv-1767483353913-4i345h1fq	Sirope arándanos	insumos para cocteles	1	Botella	20000	20000	SYR-001	2024-12-01	STOKSONIA-20241201-001	Proveedor no especificado		2026-01-18T01:31:43.534Z	2026-02-03T01:08:58.115Z
inv-1767483353913-8vb41ck7n	Tajín	insumos para cocteles	0	Unidad	5700	0	COND-001	2024-12-01	STOKSONIA-20241201-001	Proveedor no especificado		2026-01-18T01:31:43.534Z	2026-02-01T17:33:43.595Z
inv-1767483353913-hjd3452mp	Base cóctel Brissart granadina	insumos para cocteles	1	Botella	25200	25200	BASE-001	2024-12-01	STOKSONIA-20241201-001	Proveedor no especificado		2026-01-18T01:31:43.534Z	2026-02-03T01:11:02.827Z
inv-1767483353913-jb8887h9r	Base cóctel Finest Call Triple Sec	insumos para cocteles	0	Botella	33300	0	BASE-003	2024-12-01	STOKSONIA-20241201-001	Proveedor no especificado		2026-01-18T01:31:43.534Z	2026-02-03T01:09:54.517Z
inv-1767483353913-kkkqg7bwc	Bretaña personal x6	insumos para cocteles	0	Paquete	12000	0	REF-001	2024-12-01	STOKSONIA-20241201-001	Proveedor no especificado		2026-01-18T01:31:43.534Z	2026-02-03T01:11:15.148Z
inv-1767483353913-qr9j8fm77	Syrup Finest Call Blue Curacao	insumos para cocteles	1	Botella	33300	33300	SYR-002	2024-12-01	STOKSONIA-20241201-001	Proveedor no especificado		2026-01-18T01:31:43.534Z	2026-02-03T01:08:29.568Z
inv-1767483353913-r7pklcu5h	Base cóctel Brissart maracuyá	insumos para cocteles	1	Botella	25200	25200	BASE-002	2024-12-01	STOKSONIA-20241201-001	Proveedor no especificado		2026-01-18T01:31:43.534Z	2026-02-03T01:10:39.034Z
inv-1767483353913-ttz27x8mn	Bretaña	insumos para cocteles	0	Botella	5000	0	REF-002	2024-12-01	STOKSONIA-20241201-001	Proveedor no especificado		2026-01-18T01:31:43.534Z	2026-02-03T01:09:17.980Z
inv-1767483353917-ser4dw1e8	Leche Alquería semidescremada	insumos para cafeteria	0	Bolsa	6000	0	LEC-ALS-1L	2025-01-03	PROVEEDORNOE-20250103-001	Proveedor no especificado		2026-01-18T01:31:43.534Z	2026-02-03T00:44:58.175Z
inv-1767483353921-0k33w9jh5	Domos para tortas	activos	2	Unidad	135000	270000	MN-DOM001	2024-12-01	STOKSONIA-20241201-001	Proveedor no especificado		2026-01-18T01:31:43.534Z	2026-01-21T01:45:06.142Z
inv-1767483353921-24prmoz3t	Copa coctel margarita	activos	5	Unidad	9000	45000	MN-COM001	2024-12-01	STOKSONIA-20241201-001	Proveedor no especificado		2026-01-18T01:31:43.534Z	2026-01-21T01:45:06.142Z
inv-1767483353921-3dj8riyht	Parlante HK Onyx 2	activos	1	Unidad	700000	700000	EL-PAR001	2024-12-01	STOKSONIA-20241201-001	Proveedor no especificado		2026-01-18T01:31:43.534Z	2026-01-21T01:45:06.143Z
inv-1767483353921-5f90elhbh	Bombillo Philips 5.5W	activos	1	Unidad	2950	2950	EL-BOM001	2024-12-01	STOKSONIA-20241201-001	Proveedor no especificado		2026-01-18T01:31:43.534Z	2026-01-21T01:45:06.137Z
inv-1767483353921-6vsarl10x	Vaso Moscow Mule	activos	6	Unidad	35000	210000	MN-VMM001	2024-12-01	STOKSONIA-20241201-001	Proveedor no especificado		2026-01-18T01:31:43.534Z	2026-01-21T01:45:06.144Z
inv-1767483353921-a1032pils	Cucharilla larga	activos	1	Unidad	2500	2500	MN-CUC001	2024-12-01	STOKSONIA-20241201-001	Proveedor no especificado		2026-01-18T01:31:43.534Z	2026-01-21T01:45:06.142Z
inv-1767483353921-cjvtdvidh	Mug Bourbon Nashville Café	activos	3	Unidad	3966.67	11900	MN-MUG001	2024-12-01	STOKSONIA-20241201-001	Proveedor no especificado		2026-01-18T01:31:43.534Z	2026-01-21T01:45:06.143Z
inv-1767483353921-dwks9mhx0	Colador de café	activos	2	Unidad	2950	5900	UT-COL001	2024-12-01	STOKSONIA-20241201-001	Proveedor no especificado		2026-01-18T01:31:43.534Z	2026-01-21T01:45:06.141Z
inv-1767483353921-gq1yk5z5x	Prensa francesa	activos	2	Unidad	20000	40000	UT-PRF001	2024-12-01	STOKSONIA-20241201-001	Proveedor no especificado		2026-01-18T01:31:43.534Z	2026-01-21T01:45:06.143Z
inv-1767483353921-heejtdc7k	Combo mesa y sillas	activos	1	Unidad	350000	350000	MB-COM001	2024-12-01	STOKSONIA-20241201-001	Proveedor no especificado		2026-01-18T01:31:43.534Z	2026-01-21T01:45:06.141Z
inv-1767483353921-jeaol1ls8	Nevera usada	activos	1	Unidad	1000000	1000000	MB-NEV001	2024-12-01	STOKSONIA-20241201-001	Proveedor no especificado		2026-01-18T01:31:43.534Z	2026-01-21T01:45:06.143Z
inv-1767483353921-mgo7govsz	Vasos cerveza grande	activos	6	Unidad	5000	30000	MN-CEG001	2024-12-01	STOKSONIA-20241201-001	Proveedor no especificado		2026-01-18T01:31:43.534Z	2026-01-21T01:45:06.144Z
inv-1767483353921-qi0havlkm	Vasos plásticos para vino	activos	6	Unidad	7000	42000	MN-VIV001	2024-12-01	STOKSONIA-20241201-001	Proveedor no especificado		2026-01-18T01:31:43.534Z	2026-01-21T01:45:06.144Z
inv-1767483353921-u5qggrpko	Papelera / Basurero negra	activos	1	Unidad	32500	32500	UT-PPL001	2024-12-01	STOKSONIA-20241201-001	Proveedor no especificado		2026-01-18T01:31:43.534Z	2026-01-21T01:45:06.143Z
inv-1767483353921-ufr8l4s5s	Termo café	activos	1	Unidad	40000	40000	MN-TER001	2024-12-01	STOKSONIA-20241201-001	Proveedor no especificado		2026-01-18T01:31:43.534Z	2026-01-21T01:45:06.144Z
inv-1767483353921-vgarot6ts	Vaso tinto	activos	3	Unidad	3666.67	11000	MN-VTI001	2024-12-01	STOKSONIA-20241201-001	Proveedor no especificado		2026-01-18T01:31:43.534Z	2026-01-21T01:45:06.144Z
inv-1767483353921-wd3u0uxxd	Vasos cerveza pequeño	activos	6	Unidad	4000	24000	MN-CEP001	2024-12-01	STOKSONIA-20241201-001	Proveedor no especificado		2026-01-18T01:31:43.534Z	2026-01-21T01:45:06.144Z
inv-1767483353921-xiwz9ce3l	Pocillo café semi liso	activos	3	Unidad	3900	11700	MN-POC001	2024-12-01	STOKSONIA-20241201-001	Proveedor no especificado		2026-01-18T01:31:43.534Z	2026-01-21T01:45:06.143Z
inv-1767483353922-18gprsfx1	Cenicero	activos	1	Unidad	100000	100000	UT-CEN001	2024-12-01	STOKSONIA-20241201-001	Proveedor no especificado		2026-01-18T01:31:43.534Z	2026-01-21T01:45:06.141Z
inv-1767483353922-5h0n8o5j0	Mesa Rimax	activos	1	Unidad	100000	100000	MB-MES001	2024-12-01	STOKSONIA-20241201-001	Proveedor no especificado		2026-01-18T01:31:43.534Z	2026-01-21T01:45:06.143Z
inv-1767483353922-9gphugxoi	Tabla para picar	activos	1	Unidad	600000	600000	UT-TAP001	2024-12-01	STOKSONIA-20241201-001	Proveedor no especificado		2026-01-18T01:31:43.534Z	2026-01-21T01:45:06.143Z
inv-1767483353922-f1f60u9ca	Velas x12	activos	0	Set	7000	0	INS-VEL001	2024-12-01	STOKSONIA-20241201-001	Proveedor no especificado		2026-01-18T01:31:43.534Z	2026-01-22T23:01:15.825Z
inv-1767483353922-ikhc4vyhq	Encendedor para velas	activos	1	Unidad	6000	6000	INS-ENC001	2024-12-01	STOKSONIA-20241201-001	Proveedor no especificado		2026-01-18T01:31:43.534Z	2026-01-21T01:45:06.142Z
inv-1767483353922-j063f9gib	Exprimidor metálico	activos	1	Unidad	16000	16000	UT-EXP001	2024-12-01	STOKSONIA-20241201-001	Proveedor no especificado		2026-01-18T01:31:43.534Z	2026-01-21T01:45:06.142Z
inv-1767483353922-nsw7b21rh	Cafetera moka	activos	1	Unidad	30000	30000	UT-CFM001	2024-12-01	STOKSONIA-20241201-001	Proveedor no especificado		2026-01-18T01:31:43.534Z	2026-01-21T01:45:06.138Z
inv-1767483353922-q3qmv2vcv	Letrero luminoso	activos	1	Unidad	500000	500000	EL-LEL001	2024-12-01	STOKSONIA-20241201-001	Proveedor no especificado		2026-01-18T01:31:43.534Z	2026-01-21T01:45:06.143Z
inv-1767483353922-qqq2lpoo0	Ganchos sujetadores	activos	1	Unidad	8000	8000	INS-GAN001	2024-12-01	STOKSONIA-20241201-001	Proveedor no especificado		2026-01-18T01:31:43.534Z	2026-01-21T01:45:06.142Z
inv-1767483353922-rw7y8iafe	Copas shot x12	activos	1	Set	32000	32000	MN-CPS001	2024-12-01	STOKSONIA-20241201-001	Proveedor no especificado		2026-01-18T01:31:43.534Z	2026-01-21T01:45:06.142Z
inv-1767483353922-s7hrvd8qf	Cuchillos x3	activos	1	Set	12000	12000	MN-CUC002	2024-12-01	STOKSONIA-20241201-001	Proveedor no especificado		2026-01-18T01:31:43.534Z	2026-01-21T01:45:06.142Z
inv-1767483353922-vtavwaccv	Tijera	activos	1	Unidad	10000	10000	UT-TIJ001	2024-12-01	STOKSONIA-20241201-001	Proveedor no especificado		2026-01-18T01:31:43.534Z	2026-01-21T01:45:06.144Z
inv-1767483353922-yn99umkho	Caja de madera	activos	1	Unidad	14000	14000	MB-CAJ001	2024-12-01	STOKSONIA-20241201-001	Proveedor no especificado		2026-01-18T01:31:43.534Z	2026-01-21T01:45:06.141Z
inv-1767483353924-3w6k0hshd	Limpión microfibra carros	aseo	1	Unidad	4200	4200	LIM-001	2024-12-01	STOKSONIA-20241201-001	Proveedor no especificado		2026-01-18T01:31:43.534Z	2026-02-01T17:41:45.216Z
inv-1767483353924-64dp267fv	Papel toalla Scott	aseo	1	Rollo	16000	16000	INS-001	2024-12-01	STOKSONIA-20241201-001	Proveedor no especificado		2026-01-18T01:31:43.534Z	2026-02-03T01:19:52.723Z
inv-1767483353924-6uvxurwqu	Jabón de loza	aseo	0	Unidad	5000	0	LIM-002	2024-12-01	STOKSONIA-20241201-001	Proveedor no especificado		2026-01-18T01:31:43.534Z	2026-02-03T01:20:26.922Z
inv-1767483353924-efb85j7pj	Desodorante Speed Stick Ultra Gel	aseo	1	Unidad	34600	34600	ASE-001	2024-12-01	STOKSONIA-20241201-001	Proveedor no especificado		2026-01-18T01:31:43.534Z	2026-02-01T17:41:45.216Z
inv-1767483353924-fiy9i5pzj	Recogedor	aseo	1	Unidad	10000	10000	LIM-005	2024-12-01	STOKSONIA-20241201-001	Proveedor no especificado		2026-01-18T01:31:43.534Z	2026-02-01T17:41:45.216Z
inv-1767483353924-kzrwa9a7p	Papel Higiénico	aseo	1	Unidad	2400	2400	DES-PH01	2025-01-03	PROVEEDORNOE-20250103-001	Proveedor no especificado		2026-01-18T01:31:43.534Z	2026-02-01T17:41:45.216Z
inv-1767483353924-qfyuq638h	Servilletas	insumos para cafeteria	0	Paquete	6000	0	INS-002	2024-12-01	STOKSONIA-20241201-001	Proveedor no especificado		2026-01-18T01:31:43.534Z	2026-02-03T01:19:00.325Z
inv-1767483353924-uubm2bavd	Escoba	aseo	1	Unidad	10000	10000	LIM-004	2024-12-01	STOKSONIA-20241201-001	Proveedor no especificado		2026-01-18T01:31:43.534Z	2026-02-01T17:41:45.216Z
inv-1767483353924-vvzbksqce	Trapeador	aseo	1	Unidad	10000	10000	LIM-003	2024-12-01	STOKSONIA-20241201-001	Proveedor no especificado		2026-01-18T01:31:43.534Z	2026-02-01T17:41:45.216Z
inv-1767483353925-pg25jxttu	Café Sello Rojo	insumos para cafeteria	0	Paquete	16000	0	CAF-001	2024-12-01	STOKSONIA-20241201-001	Proveedor no especificado		2026-01-18T01:31:43.534Z	2026-02-03T00:42:31.560Z
inv-1767483353926-6ynvm45dt	Café Instantáneo	insumos para cafeteria	0	Frasco	11000	0	CAF-002	2024-12-01	STOKSONIA-20241201-001	Proveedor no especificado		2026-01-18T01:31:43.534Z	2026-02-01T17:41:45.216Z
inv-1767483353926-i7v18gj8j	Bolsa para colar café	insumos para cafeteria	2	Unidad	5900	11800	UTEN-001	2024-12-01	STOKSONIA-20241201-001	Proveedor no especificado		2026-01-18T01:31:43.534Z	2026-02-03T00:43:00.355Z
inv-1767483353926-tgjwb0599	Azúcar	insumos para cafeteria	0	Bolsa	5000	0	INS-001	2024-12-01	STOKSONIA-20241201-001	Proveedor no especificado		2026-01-18T01:31:43.534Z	2026-02-03T00:43:15.556Z
inv-1767483353926-wdcg82vjf	Aromáticas	insumos para cafeteria	1	Unidad	4000	4000	INS-002	2024-12-01	STOKSONIA-20241201-001	Proveedor no especificado		2026-01-18T01:31:43.534Z	2026-02-03T00:43:44.462Z
inv-1767483353927-9qciixvtf	Tapa para Vaso	insumos para cafeteria	1	Pack	4600	4600	DES-TV6OZ50	2024-12-01	STOKSONIA-20241201-001	Proveedor no especificado		2026-01-18T01:31:43.534Z	2026-02-03T01:18:35.902Z
inv-1767483353927-jqtkdgrno	Vaso de Icopor	insumos para cafeteria	1	Pack	6000	6000	DES-VI20	2024-12-01	STOKSONIA-20241201-001	Proveedor no especificado		2026-01-18T01:31:43.534Z	2026-02-03T01:18:18.771Z
inv-1767483353927-mfm31g7cv	Palillos	insumos para cafeteria	1	Pack	2100	2100	DES-PAL180	2024-12-01	STOKSONIA-20241201-001	Proveedor no especificado		2026-01-18T01:31:43.534Z	2026-02-03T01:20:08.639Z
inv-1767483353927-pnyzk4zys	Caja de Icopor	aseo	1	Pack	13000	13000	DES-CI20	2024-12-01	STOKSONIA-20241201-001	Proveedor no especificado		2026-01-18T01:31:43.534Z	2026-02-01T17:41:45.216Z
inv-1767483353927-set8m797g	Copa Desechable Pequeña	aseo	1	Pack	8000	8000	DES-CDP60	2024-12-01	STOKSONIA-20241201-001	Proveedor no especificado		2026-01-18T01:31:43.534Z	2026-02-01T17:41:45.216Z
inv-1767483353927-xxcwuqi28	Vaso de Papel	insumos para cafeteria	1	Pack	5500	5500	DES-VP40	2024-12-01	STOKSONIA-20241201-001	Proveedor no especificado		2026-01-18T01:31:43.534Z	2026-02-03T01:18:05.043Z
inv-1767634700399-318ocn17k	Queso Colanta	insumos para cafeteria	1	Unidad	11180	11180	INS-QUE-001	2026-01-03	PATY-20260103-001	Patty		2026-01-18T01:31:43.534Z	2026-02-01T17:41:45.216Z
inv-1767634700399-8808431pm	Mostaneza Rancho La Constancia	insumos para cocteles	1	Unidad	6900	6900	COND-MOS-001	2026-01-03	PATY-20260103-001	Patty	Compra Patty 2026-01-03	2026-01-18T01:31:43.534Z	2026-02-03T01:12:08.654Z
inv-1767634700399-9xsb2oh3p	Cerveza Heineken	bebidas alcoholicas	0	Botella	19200	0	CE-HEI-001	2026-01-03	PATY-20260103-001	Patty		2026-01-18T01:31:43.535Z	2026-02-03T01:36:32.603Z
inv-1767634700399-cahjyh3ll	Soda Bretaña 1500 ml	insumos para cocteles	0	Botella	3800	0	REF-BRE-1500	2026-01-03	PATY-20260103-001	Patty	Compra Patty 2026-01-03	2026-01-18T01:31:43.535Z	2026-02-03T00:53:01.297Z
inv-1767634700399-dy0mgy06q	Mezclador El Sol Dahu ZZI	insumos para cocteles	1	Unidad	4900	4900	MEZ-ELS-001	2026-01-03	PATY-20260103-001	Patty	Compra Patty 2026-01-03	2026-01-18T01:31:43.535Z	2026-02-03T01:13:04.126Z
inv-1767634700399-fstqs8q7k	Ron Viejo de Caldas Tradicional	bebidas alcoholicas	2	Botella	51900	103800	LIC-RON-VC	2026-01-03	PATY-20260103-001	Patty	Compra Patty 2026-01-03	2026-01-18T01:31:43.535Z	2026-02-01T17:33:43.595Z
inv-1767634700399-hntpkqdo6	Cerveza Budweiser	bebidas alcoholicas	4	Botella	18000	72000	CE-BUD-001	2026-01-03	PATY-20260103-001	Patty		2026-01-18T01:31:43.535Z	2026-02-01T17:33:43.595Z
inv-1767634700399-icch1p0gx	Cinta aislante Tesa	aseo	2	Unidad	3800	7600	UT-CIN-001	2026-01-03	PATY-20260103-001	Patty	Compra Patty 2026-01-03	2026-01-18T01:31:43.535Z	2026-02-01T17:41:45.216Z
inv-1767634700399-ngrq41q4f	Salsa de tomate Bary doy pack	insumos para cocteles	2	Pack	4100	8200	COND-TOM-001	2026-01-03	PATY-20260103-001	Patty	Compra Patty 2026-01-03	2026-01-18T01:31:43.535Z	2026-02-01T17:33:43.595Z
inv-1767634700399-osyfaln0f	Mezcla de ají	insumos para cocteles	0	Unidad	5350	0	COND-AJI-001	2026-01-03	PATY-20260103-001	Patty		2026-01-18T01:31:43.535Z	2026-02-03T01:13:13.801Z
inv-1767634700399-pir59pq4u	Salsa mayonesa Bary doy pack	insumos para cocteles	0	Pack	4400	0	COND-MAY-001	2026-01-03	PATY-20260103-001	Patty	Compra Patty 2026-01-03	2026-01-18T01:31:43.535Z	2026-02-03T00:53:23.743Z
inv-1767634700399-sxq8dp6sg	Toallas higiénicas Kotex x10	aseo	2	Paquete	1	2	ASE-KOT-001	2026-01-03	PATY-20260103-001	Patty	Compra Patty 2026-01-03	2026-01-18T01:31:43.535Z	2026-02-03T00:50:53.869Z
inv-1767634700399-whk5cc1js	Cerveza Coronita	bebidas alcoholicas	0	Botella	3700	0	CE-COR-001	2026-01-03	PATY-20260103-001	Patty		2026-01-18T01:31:43.535Z	2026-02-03T03:33:23.003Z
inv-1767634700400-2hfwyexd7	Bolsa plástica (ICBP)	aseo	1	Unidad	70	70	DES-BOL-001	2026-01-03	PATY-20260103-001	Patty		2026-01-18T01:31:43.535Z	2026-02-01T17:41:45.216Z
inv-1767634700400-2senehds1	Festival palillos doble	insumos para cafeteria	0	Paquete	2100	0	PAN-PAL-001	2026-01-03	PATY-20260103-001	Patty	Compra Patty 2026-01-03	2026-01-18T01:31:43.535Z	2026-02-03T00:34:05.595Z
inv-1767634700400-460nmc7uo	Lechuga batavia	insumos para cafeteria	1	Unidad	2084	2084	INS-LEC-001	2026-01-03	PATY-20260103-001	Patty		2026-01-18T01:31:43.535Z	2026-02-01T17:41:45.216Z
inv-1767634700400-65n1g60sp	Baguette CUI	insumos para cafeteria	1	Unidad	12500	12500	INS-BAG-001	2026-01-03	PATY-20260103-001	Patty		2026-01-18T01:31:43.535Z	2026-02-01T17:41:45.216Z
inv-1767634700400-6hudp47h6	Tapas para vaso 6 oz	aseo	1	Pack	4600	4600	DES-TAP-6OZ	2026-01-03	PATY-20260103-001	Patty		2026-01-18T01:31:43.535Z	2026-02-01T17:41:45.216Z
inv-1767634700400-ffm5kdp8o	Tomate chonto	insumos para cafeteria	0	Unidad	2668	0	INS-TOM-001	2026-01-03	PATY-20260103-001	Patty		2026-01-18T01:31:43.535Z	2026-02-03T00:50:19.824Z
inv-1767634700400-h1p7laomc	Arándanos	insumos para cafeteria	1	Unidad	25980	25980	INS-ARA-001	2026-01-03	PATY-20260103-001	Patty		2026-01-18T01:31:43.535Z	2026-02-01T17:41:45.216Z
inv-1767634700400-s86bj4aqm	Sal Refisal para michelar con plato michelador	comestibles	0	Unidad	15790	0	INS-SAL-001	2026-01-03	PATY-20260103-001	Patty		2026-01-18T01:31:43.535Z	2026-02-03T00:30:44.718Z
inv-1767634700400-s8kbeya60	Jamón Cuisine	insumos para cafeteria	1	Unidad	19990	19990	INS-JAM-001	2026-01-03	PATY-20260103-001	Patty		2026-01-18T01:31:43.535Z	2026-02-01T17:41:45.216Z
inv-1767634700400-tu01b5e2p	Caja de Carioca grande 380 ml	aseo	2	Unidad	115000	230000	MB-CAR-001	2026-01-03	PATY-20260103-001	Patty	Compra Patty 2026-01-03	2026-01-18T01:31:43.535Z	2026-02-01T17:41:45.216Z
inv-1767635982971-dq62lbug6	Tapas para vaso 6 oz bebida caliente	aseo	1	Pack	4600	4600	DES-TAP-6OZ-HOT	2026-01-03	PATY-20260103-001	Patty		2026-01-18T01:31:43.535Z	2026-02-01T17:41:45.216Z
inv-1767635982972-854kbkj9i	Marlboro morado azul x20	cigarrillos	3	Cajetilla	14400	43200	TAB-MAR-AZU	2026-01-03	PATY-20260103-001	Patty	Producto regulado - Control aparte	2026-01-18T01:31:43.535Z	2026-02-03T00:17:58.374Z
inv-1767635982972-mphbtepu0	Marlboro verde x20	cigarrillos	3	Cajetilla	14400	43200	TAB-MAR-VER	2026-01-03	PATY-20260103-001	Patty	Producto regulado - Control aparte	2026-01-18T01:31:43.535Z	2026-02-03T00:15:42.504Z
inv-1767635982972-nhrn3uido	Marlboro rojo x20	cigarrillos	1	Cajetilla	13700	13700	TAB-MAR-ROJ	2026-01-03	PATY-20260103-001	Patty	Producto regulado - Control aparte	2026-01-18T01:31:43.535Z	2026-02-03T00:10:09.767Z
inv-1767636242767-v0twstdbw	Soda	insumos para cocteles	9	Unidad	444.44	3999.96	REF-BRE-EXI	2026-01-04	EXITO-20260104-001	Éxito	2 pacas de 18 sodas cada una	2026-01-18T01:31:43.535Z	2026-02-03T00:55:44.026Z
inv-1767636242811-2w87n78co	Jugo de arándano	insumos para cocteles	1	Botella	28900	28900	SYR-ARA-EXI	2026-01-04	EXITO-20260104-001	Éxito		2026-01-18T01:31:43.535Z	2026-02-03T00:56:27.614Z
inv-1767636242811-qk3zfsenm	Cubiertos	activos	1	Set	13000	13000	UT-CUB-001	2026-01-04	EXITO-20260104-001	Éxito		2026-01-18T01:31:43.535Z	2026-02-03T00:56:39.112Z
inv-1767636242812-577hmamt7	Recipientes plásticos	activos	3	Unidad	2000	6000	UT-REC-001	2026-01-05	20260105-001	tiendas		2026-01-18T01:31:43.535Z	2026-02-03T00:59:33.595Z
inv-1767636242812-x85xirex1	Frutas para hervidos	insumos para cocteles	0	Libra	6500	0	INS-FRU-001	2026-01-05	20260105-001	tiendas	2 libras	2026-01-18T01:31:43.535Z	2026-03-11T00:40:51.540Z
inv-1767640832359-kawr591vu	Bebida chocolate polvo	insumos para cafeteria	1	Unidad	16100	16100	SYR-CHO-001	2026-01-04	EXITO-20260104-001	Éxito		2026-01-18T01:31:43.535Z	2026-02-03T01:13:40.341Z
inv-1767665578906-3zcto1go9	Queso mozzarella	insumos para cafeteria	0	Unidad	7000	0	INS-QUE-MOZ-001	2026-01-06	TIENDAESQUINA-20260106-001	La tienda de la esquina		2026-01-18T01:31:43.535Z	2026-02-03T01:00:11.890Z
inv-1767665578949-tetvpdjx3	Pulpas de fruta para cócteles	insumos para cocteles	0	Unidad	13000	0	SYR-PUL-001	2026-01-06	TIENDAESQUINA-20260106-001	La tienda de la esquina		2026-01-18T01:31:43.535Z	2026-02-03T01:00:18.774Z
inv-1767751844829-0e9objdc2	Leche Colácteos 	insumos para cafeteria	0	Unidad	5000	0		2026-01-07	TIENDAESQUIN-20260107-001	Tienda esquina 		2026-01-18T01:31:43.535Z	2026-02-03T01:01:55.261Z
inv-1767842433563-tmr514z8b	Vodka	bebidas alcoholicas	0	Botella	70500	0		2026-01-06	ALKOSTO-20260106-001	Alkosto	Comprado en Alkosto el 6 de enero de 2026	2026-01-18T01:31:43.535Z	2026-02-03T01:00:54.213Z
inv-1767842433593-7odfezdjy	Jamón	comestibles	0	Unidad	13000	0		2026-01-06	ALKOSTO-20260106-001	Alkosto	Comprado en Alkosto el 6 de enero de 2026	2026-01-18T01:31:43.535Z	2026-02-03T00:35:27.616Z
inv-1767842433593-eqs9zytua	Ginebra	bebidas alcoholicas	1	Botella	64500	64500		2026-01-06	ALKOSTO-20260106-001	Alkosto	Comprado en Alkosto el 6 de enero de 2026	2026-01-18T01:31:43.535Z	2026-02-03T01:01:26.234Z
inv-1767842433593-gh2bglh3w	Aguardiente Nariño	bebidas alcoholicas	1	Botella	48000	48000		2026-01-06	ALKOSTO-20260106-001	Alkosto	Comprado en Alkosto el 6 de enero de 2026	2026-01-18T01:31:43.535Z	2026-02-01T17:33:43.595Z
inv-1767842433594-4p1mkpoxn	Queso	comestibles	0	Unidad	14000	0		2026-01-06	ALKOSTO-20260106-001	Alkosto	Comprado en Alkosto el 6 de enero de 2026	2026-01-18T01:31:43.535Z	2026-02-03T00:35:15.686Z
inv-1767842433594-ivabna4wj	Tomates	comestibles	0	Unidad	4000	0		2026-01-06	ALKOSTO-20260106-001	Alkosto	Comprado en Alkosto el 6 de enero de 2026	2026-01-18T01:31:43.535Z	2026-02-03T00:35:10.108Z
inv-1767842689907-lirxhpibc	Guantes nitrilo negro	aseo	0	Unidad	1500	0		2026-01-08	A2SAS-20260108-001	A2 SAS	Comprado en A2 SAS el 7 de enero de 2026	2026-01-18T01:31:43.535Z	2026-02-03T01:02:56.306Z
inv-1767842689910-mhvcyspek	Papel aluminio El Sol (16 m)	aseo	1	Unidad	6300	6300		2026-01-08	A2SAS-20260108-001	A2 SAS	Comprado en A2 SAS el 7 de enero de 2026	2026-01-18T01:31:43.535Z	2026-02-01T17:41:45.216Z
inv-1767842689910-r2vr5l6nj	Tapabocas sujeción 2QY	aseo	0	Unidad	500	0		2026-01-08	A2SAS-20260108-001	A2 SAS	Comprado en A2 SAS el 7 de enero de 2026	2026-01-18T01:31:43.535Z	2026-02-03T01:02:42.682Z
inv-1767842689911-mk0scroy5	Pitillo biodegradable x 250 und	aseo	1	Unidad	5400	5400		2026-01-08	A2SAS-20260108-001	A2 SAS	Comprado en A2 SAS el 7 de enero de 2026	2026-01-18T01:31:43.535Z	2026-02-01T17:41:45.216Z
inv-1767843024081-89vbm55xd	Corazón hojaldra	comestibles	0	Unidad	14900	0		2026-01-08	EXITO-20260108-001	Éxito	Comprado en Éxito el 7 de enero de 2026	2026-01-18T01:31:43.535Z	2026-02-03T00:36:58.084Z
inv-1767843024085-23bxb1c4b	Salsa de tomate	comestibles	1	Unidad	8640	8640		2026-01-08	EXITO-20260108-001	Éxito	Comprado en Éxito el 7 de enero de 2026	2026-01-18T01:31:43.535Z	2026-02-01T17:33:43.595Z
inv-1767843024085-3vzrruczr	Mayonesa D&P	comestibles	0	Unidad	16700	0		2026-01-08	EXITO-20260108-001	Éxito	Comprado en Éxito el 7 de enero de 2026	2026-01-18T01:31:43.535Z	2026-02-03T00:36:42.162Z
inv-1767843024085-96v4hbnfp	Bolsa papel Éxito	aseo	1	Unidad	600	600		2026-01-08	EXITO-20260108-001	Éxito	Comprado en Éxito el 7 de enero de 2026	2026-01-18T01:31:43.535Z	2026-02-01T17:41:45.216Z
inv-1767843024085-eg4rvgtv0	Galleta Liberal Guayaba	comestibles	0	Unidad	2300	0		2026-01-08	EXITO-20260108-001	Éxito	Comprado en Éxito el 7 de enero de 2026 - 4 unidades	2026-01-18T01:31:43.535Z	2026-02-03T00:36:51.491Z
inv-1767843024085-hi1mtri0d	Limón Tahití	comestibles	0	Unidad	1678	0		2026-01-08	EXITO-20260108-001	Éxito	Comprado en Éxito el 7 de enero de 2026	2026-01-18T01:31:43.535Z	2026-02-03T00:36:35.477Z
inv-1767843024085-il4gf6m88	Tomate cherry	comestibles	1	Unidad	4225	4225		2026-01-08	EXITO-20260108-001	Éxito	Comprado en Éxito el 7 de enero de 2026	2026-01-18T01:31:43.535Z	2026-02-03T00:36:07.019Z
inv-1767843024085-kzyqebvls	Baguette	comestibles	0	Unidad	7800	0		2026-01-08	EXITO-20260108-001	Éxito	Comprado en Éxito el 7 de enero de 2026	2026-01-18T01:31:43.535Z	2026-02-03T00:37:05.899Z
inv-1767844108772-y02sds3pn	Toalla higiénica Kotex tela antibacter	aseo	1	Unidad	3950	3950		2026-01-03	PATY-20260103-001	Patty	Comprado en Patty el 3 de enero de 2026	2026-01-18T01:31:43.535Z	2026-02-01T17:41:45.216Z
inv-1767844108813-9e4nr33nk	Cinta aislante Tesa colores 10 m	activos	1	Unidad	3800	3800		2026-01-03	PATY-20260103-001	Patty	Comprado en Patty el 3 de enero de 2026	2026-01-18T01:31:43.535Z	2026-02-01T17:33:43.595Z
inv-1767844108813-pqa0643eh	Salsa de tomate Bary Doy Pack 200 g	comestibles	0	Unidad	4100	0		2026-01-03	PATY-20260103-001	Patty	Comprado en Patty el 3 de enero de 2026	2026-01-18T01:31:43.535Z	2026-02-03T00:24:05.900Z
inv-1767844108813-yg05w3ugy	Mezclador de bambú El Sol x 500 uds	aseo	1	Unidad	4900	4900		2026-01-03	PATY-20260103-001	Patty	Comprado en Patty el 3 de enero de 2026	2026-01-18T01:31:43.535Z	2026-02-01T17:41:45.216Z
inv-1767844108813-yubsxus1l	Salsa mayonesa Bary Doy Pack 200 g	comestibles	1	Unidad	4100	4100		2026-01-03	PATY-20260103-001	Patty	Comprado en Patty el 3 de enero de 2026	2026-01-18T01:31:43.535Z	2026-02-03T00:23:41.574Z
inv-1767844108814-4wnraypxt	Mostaneza Rancho La Constancia 190 g	comestibles	1	Unidad	6900	6900		2026-01-03	PATY-20260103-001	Patty	Comprado en Patty el 3 de enero de 2026	2026-01-18T01:31:43.535Z	2026-02-03T00:33:26.255Z
inv-1767844108814-5wz9kud65	Ron Viejo de Caldas Tradicional 750 ml	bebidas alcoholicas	1	Botella	51900	51900		2026-01-03	PATY-20260103-001	Patty	Comprado en Patty el 3 de enero de 2026	2026-01-18T01:31:43.535Z	2026-02-03T01:35:24.486Z
inv-1767844108814-9re65nu9v	Festival palillos doble punta x 180 uds	aseo	1	Unidad	2100	2100		2026-01-03	PATY-20260103-001	Patty	Comprado en Patty el 3 de enero de 2026	2026-01-18T01:31:43.535Z	2026-02-01T17:41:45.216Z
inv-1767844767667-bi0fxw2v1	Cerveza Heineken lata	bebidas alcoholicas	0	Lata	6450	0		2025-12-27	JUMBO-20251227-001	Jumbo	Comprado en Jumbo el 27 de diciembre de 2025	2026-01-18T01:31:43.535Z	2026-02-03T01:34:47.538Z
inv-1767844767932-16ve3bbno	Gaseosa Coca-Cola 2.5L	comestibles	0	Botella	15200	0		2025-12-27	JUMBO-20251227-001	Jumbo	Comprado en Jumbo el 27 de diciembre de 2025	2026-01-18T01:31:43.535Z	2026-02-03T00:22:41.669Z
inv-1767844768402-5yhkew73j	Lechuga batavia (0.458 kg)	comestibles	0	Kilogramo	4580	0		2025-12-27	JUMBO-20251227-001	Jumbo	Comprado en Jumbo el 27 de diciembre de 2025	2026-01-18T01:31:43.535Z	2026-02-03T00:22:32.620Z
inv-1767844768574-6ocvjq9wb	Tomate chonto (0.515 kg)	comestibles	0	Unidad	5180	0		2025-12-27	JUMBO-20251227-001	Jumbo	Comprado en Jumbo el 27 de diciembre de 2025	2026-01-18T01:31:43.535Z	2026-02-03T00:21:34.363Z
inv-1767844769020-qtl9kt1at	Pan Resplandor	comestibles	0	Unidad	11500	0		2025-12-27	JUMBO-20251227-001	Jumbo	Comprado en Jumbo el 27 de diciembre de 2025	2026-01-18T01:31:43.535Z	2026-02-03T00:21:52.861Z
inv-1767844769205-5ywzp24pl	Cerveza Budweiser lata	bebidas alcoholicas	0	Lata	5000	0		2025-12-27	JUMBO-20251227-001	Jumbo	Comprado en Jumbo el 27 de diciembre de 2025	2026-01-18T01:31:43.535Z	2026-02-03T01:34:56.844Z
inv-1767844879264-64oilkpaa	Baguette Cuisine & Co	comestibles	0	Unidad	12900	0		2025-12-27	JUMBO-20251227-001	Jumbo	Comprado en Jumbo el 27 de diciembre de 2025	2026-01-18T01:31:43.535Z	2026-02-03T00:22:49.788Z
inv-1767844879665-lqk1aybfl	Bolsa plástica	aseo	0	Unidad	60	0		2025-12-27	JUMBO-20251227-001	Jumbo	Comprado en Jumbo el 27 de diciembre de 2025	2026-01-18T01:31:43.535Z	2026-02-03T01:21:07.571Z
inv-1767844880071-jkj72xv3l	Mezcla de ají	comestibles	0	Unidad	3530	0		2025-12-27	JUMBO-20251227-001	Jumbo	Comprado en Jumbo el 27 de diciembre de 2025	2026-01-18T01:31:43.535Z	2026-02-03T00:22:21.364Z
inv-1767844880346-fl0zdabrc	Queso Colanta	comestibles	0	Unidad	15900	0		2025-12-27	JUMBO-20251227-001	Jumbo	Comprado en Jumbo el 27 de diciembre de 2025	2026-01-18T01:31:43.535Z	2026-02-03T00:21:42.496Z
inv-1767844880780-ii3oc94rz	Arándanos	comestibles	0	Unidad	11700	0		2025-12-27	JUMBO-20251227-001	Jumbo	Comprado en Jumbo el 27 de diciembre de 2025	2026-01-18T01:31:43.535Z	2026-02-03T00:22:57.204Z
inv-1767845037407-4i575yujh	Limpido	aseo	1	Unidad	2000	2000		2026-01-08	TIENDAESQUIN-20260108-001	Tienda esquina	Comprado en la tienda de la esquina el 7 de enero de 2026	2026-01-18T01:31:43.535Z	2026-02-01T17:41:45.216Z
inv-1767845038185-bxjmci9tz	Fabuloso	aseo	0	Unidad	3000	0		2026-01-08	TIENDAESQUIN-20260108-001	Tienda esquina	Comprado en la tienda de la esquina el 7 de enero de 2026	2026-01-18T01:31:43.535Z	2026-02-03T01:02:16.801Z
inv-1767845038584-ar3qdmdwi	Papel higiénico	aseo	0	Unidad	2000	0		2026-01-08	TIENDAESQUIN-20260108-001	Tienda esquina	Comprado en la tienda de la esquina el 7 de enero de 2026	2026-01-18T01:31:43.535Z	2026-02-03T01:02:07.444Z
inv-1767845374827-mp9ajpdr1	Pollo frito	comestibles	0	Unidad	34000	0		2026-01-05	LAMERCED-20260105-001	La Merced	Comprado en La Merced el 5 de enero de 2026	2026-01-18T01:31:43.535Z	2026-02-03T00:34:25.756Z
inv-1767998047098-dw31jifhe	Jamón de cerdo sánduche	comestibles	0	Unidad	7650	0	7700679062103	2026-01-06	CARNESSEBASTIAN-20260106-001	Carnes del Sebastián	Comprado en Carnes del Sebastián el 6 de enero de 2026. Presentación: 450 g	2026-01-18T01:31:43.535Z	2026-02-03T00:34:41.802Z
inv-1767998048468-cu3r5lzgd	Queso doble crema Colácteos	comestibles	0	Unidad	12400	0	1498	2026-01-06	CARNESSEBASTIAN-20260106-001	Carnes del Sebastián	Comprado en Carnes del Sebastián el 6 de enero de 2026. Presentación: 250 g	2026-01-18T01:31:43.535Z	2026-02-03T00:34:48.589Z
inv-1768697002395-12wwfyhfb	Café especial Buesaco	insumos para cafeteria	1	Paquete	37000	37000	CAF-BUE-400GR	2026-01-12	PROVEEDORCAFE-20260112-001	Proveedor Café	Café especial Buesaco 400gr (sin moler)	2026-01-18T01:31:43.535Z	2026-02-03T01:04:34.049Z
inv-1768697003637-rorpdal9v	Café La Jacoba	insumos para cafeteria	1	Paquete	37000	37000	CAF-JAC-500GR	2026-01-12	PROVEEDORCAFE-20260112-001	Proveedor Café	Café La Jacoba 500gr (molido)	2026-01-18T01:31:43.535Z	2026-02-03T01:15:34.033Z
inv-1768953803936-gz1gyesjb	Café Sello Rojo	insumos para cafeteria	0	Gramo	26800	0		2026-01-19	TIENDAESQUINA-20260119-001	tienda de la esquina	Comprado en tienda de la esquina el 19 de enero de 2026 a las 4pm. 245gr por $26.800	2026-01-21T00:03:23.936Z	2026-03-08T19:19:12.732Z
inv-1769226143421-omcm0srwr	Aguardiente Nariño	bebidas alcoholicas	1	Botella	42500	42500		2026-01-23	irina			2026-01-24T03:42:23.421Z	2026-02-01T17:33:43.595Z
inv-1769226143421-5mgfjha5u	Aguardiente Nariño	bebidas alcoholicas	1	Botella	42500	42500		2026-01-23	irina			2026-01-24T03:42:23.421Z	2026-02-01T17:33:43.595Z
inv-1769226143421-mew32o8t2	Domecq	bebidas alcoholicas	1	Botella	46000	46000		2026-01-23	irina			2026-01-24T03:42:23.421Z	2026-02-01T17:33:43.595Z
inv-1769226143421-7lwuaohu7	Aguardiente Amarillo	bebidas alcoholicas	1	Botella	44500	44500		2026-01-23	irina			2026-01-24T03:42:23.421Z	2026-02-01T17:33:43.595Z
inv-1769476992014-lw6bedwuo	Copa de vino 3PK	activos	1	Unidad	12000	12000	230616003996	2026-01-17	DOLLARCITY-20260117-F1L11300084	Dollarcity – Tienda 3057 (Unico Pasto)	Factura F1L11300084 - Dollarcity – Tienda 3057 (Unico Pasto). Cliente: Sonia Herrera (59833986). Forma de pago: Contado – Tarjeta. Base: $1.008.403, IVA: $191.597	2026-01-27T01:23:12.014Z	2026-01-27T01:23:12.014Z
inv-1769476992015-xar0fgpka	Bolsa ecológica DC grande	aseo	1	Unidad	2000	2000	5052	2026-01-17	DOLLARCITY-20260117-F1L11300084	Dollarcity – Tienda 3057 (Unico Pasto)	Factura F1L11300084 - Dollarcity – Tienda 3057 (Unico Pasto). Cliente: Sonia Herrera (59833986). Forma de pago: Contado – Tarjeta. Base: $168.067, IVA: $31.933	2026-01-27T01:23:12.015Z	2026-02-01T17:41:45.216Z
inv-1769476992015-39aibo4m3	Jarra con tapa color 1L	activos	1	Unidad	12000	12000	667888020843	2026-01-17	DOLLARCITY-20260117-F1L11300084	Dollarcity – Tienda 3057 (Unico Pasto)	Factura F1L11300084 - Dollarcity – Tienda 3057 (Unico Pasto). Cliente: Sonia Herrera (59833986). Forma de pago: Contado – Tarjeta. Base: $1.008.403, IVA: $191.597	2026-01-27T01:23:12.015Z	2026-02-03T01:05:39.847Z
inv-1769476992015-tokoeb5zk	Perchas de alambre	activos	1	Unidad	8000	8000	667888208043	2026-01-17	DOLLARCITY-20260117-F1L11300084	Dollarcity – Tienda 3057 (Unico Pasto)	Factura F1L11300084 - Dollarcity – Tienda 3057 (Unico Pasto). Cliente: Sonia Herrera (59833986). Forma de pago: Contado – Tarjeta. Base: $672.269, IVA: $127.731	2026-01-27T01:23:12.015Z	2026-02-03T01:05:25.133Z
inv-1769476992015-70zn70ifa	Frasco vidrio con tapa	activos	1	Unidad	14000	14000	667888292172	2026-01-17	DOLLARCITY-20260117-F1L11300084	Dollarcity – Tienda 3057 (Unico Pasto)	Factura F1L11300084 - Dollarcity – Tienda 3057 (Unico Pasto). Cliente: Sonia Herrera (59833986). Forma de pago: Contado – Tarjeta. Base: $1.176.471, IVA: $223.529	2026-01-27T01:23:12.015Z	2026-02-03T01:05:47.372Z
inv-1769476992015-r0v2adtnx	Delantal poliéster cocina	activos	1	Unidad	14000	14000	667888357796	2026-01-17	DOLLARCITY-20260117-F1L11300084	Dollarcity – Tienda 3057 (Unico Pasto)	Factura F1L11300084 - Dollarcity – Tienda 3057 (Unico Pasto). Cliente: Sonia Herrera (59833986). Forma de pago: Contado – Tarjeta. Base: $1.176.471, IVA: $223.529	2026-01-27T01:23:12.015Z	2026-01-27T01:23:12.015Z
inv-1769476992015-eyyrccb8j	Dispensador plástico cromado	activos	1	Unidad	16000	16000	667888424801	2026-01-17	DOLLARCITY-20260117-F1L11300084	Dollarcity – Tienda 3057 (Unico Pasto)	Factura F1L11300084 - Dollarcity – Tienda 3057 (Unico Pasto). Cliente: Sonia Herrera (59833986). Forma de pago: Contado – Tarjeta. Base: $1.344.538, IVA: $255.462	2026-01-27T01:23:12.015Z	2026-01-27T01:23:12.015Z
inv-1769476992015-j9u081y4k	Maceta grande plástica (x2)	activos	2	Unidad	16000	32000	667888430918	2026-01-17	DOLLARCITY-20260117-F1L11300084	Dollarcity – Tienda 3057 (Unico Pasto)	Factura F1L11300084 - Dollarcity – Tienda 3057 (Unico Pasto). Cliente: Sonia Herrera (59833986). Forma de pago: Contado – Tarjeta. Base: $1.344.538, IVA: $255.462	2026-01-27T01:23:12.015Z	2026-02-03T01:05:32.655Z
inv-1769476992015-8ibhbvr5q	Cucharas plásticas bolsa	aseo	1	Unidad	5000	5000	667888564521	2026-01-17	DOLLARCITY-20260117-F1L11300084	Dollarcity – Tienda 3057 (Unico Pasto)	Factura F1L11300084 - Dollarcity – Tienda 3057 (Unico Pasto). Cliente: Sonia Herrera (59833986). Forma de pago: Contado – Tarjeta. Base: $420.168, IVA: $79.832	2026-01-27T01:23:12.015Z	2026-02-01T17:41:45.216Z
inv-1769476992016-xu03n5p4m	Contenedor vidrio mosaico	activos	1	Unidad	12000	12000	667888604470	2026-01-17	DOLLARCITY-20260117-F1L11300084	Dollarcity – Tienda 3057 (Unico Pasto)	Factura F1L11300084 - Dollarcity – Tienda 3057 (Unico Pasto). Cliente: Sonia Herrera (59833986). Forma de pago: Contado – Tarjeta. Base: $1.008.403, IVA: $191.597	2026-01-27T01:23:12.016Z	2026-01-27T01:23:12.016Z
inv-1769477420185-nr0pz0m6o	Papelera roja coltp pedal 25 L	activos	1	Unidad	32900	32900		2026-01-24	ALKOSTO-20260124-001	Alkosto centro	Comprado en Alkosto centro el 2026-01-24. Pagado por Sonia.	2026-01-27T01:30:20.185Z	2026-01-27T01:30:20.185Z
inv-1769477420186-1i729xuyn	Uva Red Globe nacional	comestibles	1	Kilogramo	-2	-2		2026-01-24	ALKOSTO-20260124-001	Alkosto centro	Comprado en Alkosto centro el 2026-01-24. Pagado por Sonia. 0,93 kg -pendiente eliminar	2026-01-27T01:30:20.186Z	2026-02-03T00:40:48.599Z
inv-1769477420186-5946xxdax	Vaso Can Glass 12 oz	activos	1	Unidad	16900	16900		2026-01-24	ALKOSTO-20260124-001	Alkosto centro	Comprado en Alkosto centro el 2026-01-24. Pagado por Sonia.	2026-01-27T01:30:20.186Z	2026-01-27T01:30:20.186Z
inv-1769477420186-co7xyntgf	Copa Lord fondo color 20 oz	activos	1	Unidad	14900	14900		2026-01-24	ALKOSTO-20260124-001	Alkosto centro	Comprado en Alkosto centro el 2026-01-24. Pagado por Sonia.	2026-01-27T01:30:20.186Z	2026-01-27T01:30:20.186Z
inv-1769477420186-auuaccuw2	Copa Martini Avíspero 9.5 oz	activos	6	Unidad	6900	41400		2026-01-24	ALKOSTO-20260124-001	Alkosto centro	Comprado en Alkosto centro el 2026-01-24. Pagado por Sonia.	2026-01-27T01:30:20.186Z	2026-01-27T01:30:20.186Z
inv-1769477420186-jye67tqkc	Salsa Tajín Clásic polvo 142 g	comestibles	1	Unidad	12900	12900		2026-01-24	ALKOSTO-20260124-001	Alkosto centro	Comprado en Alkosto centro el 2026-01-24. Pagado por Sonia.	2026-01-27T01:30:20.186Z	2026-02-03T00:39:45.893Z
inv-1769477420186-neuqi4kmt	Papel Marg Refect Lim/Pimien 115 g	aseo	1	Unidad	8500	8500		2026-01-24	ALKOSTO-20260124-001	Alkosto centro	Comprado en Alkosto centro el 2026-01-24. Pagado por Sonia.	2026-01-27T01:30:20.186Z	2026-02-01T17:41:45.216Z
inv-1769477420186-uiqen0s34	Cuchillo multiuso Ilko 11 cm	activos	1	Unidad	12900	12900		2026-01-24	ALKOSTO-20260124-001	Alkosto centro	Comprado en Alkosto centro el 2026-01-24. Pagado por Sonia.	2026-01-27T01:30:20.186Z	2026-01-27T01:30:20.186Z
inv-1769477420187-zyy7d6a15	Mezclador Refisal Michel Rep x6	activos	3	Unidad	8900	26700		2026-01-24	ALKOSTO-20260124-001	Alkosto centro	Comprado en Alkosto centro el 2026-01-24. Pagado por Sonia.	2026-01-27T01:30:20.187Z	2026-01-27T01:30:20.187Z
inv-1769477420187-2zdcsczyn	Copa Nevada Cappuchinero 4.5 oz	activos	1	Unidad	50200	50200		2026-01-24	ALKOSTO-20260124-001	Alkosto centro	Comprado en Alkosto centro el 2026-01-24. Pagado por Sonia.	2026-01-27T01:30:20.187Z	2026-01-27T01:30:20.187Z
inv-1769477420187-7g9wx3aq6	Licor Vodka Tropcaya 750 ml	bebidas alcoholicas	1	Botella	18200	18200		2026-01-24	ALKOSTO-20260124-001	Alkosto centro	Comprado en Alkosto centro el 2026-01-24. Pagado por Sonia.	2026-01-27T01:30:20.187Z	2026-02-03T01:38:34.300Z
inv-1769477420187-4gxga74aj	Película plástica Tami Rto x100 mt	aseo	1	Unidad	32500	32500		2026-01-24	ALKOSTO-20260124-001	Alkosto centro	Comprado en Alkosto centro el 2026-01-24. Pagado por Sonia.	2026-01-27T01:30:20.187Z	2026-02-01T17:41:45.216Z
inv-1769477420187-c7bn9pz0e	Estuche 4 pz postre Corona Caribe	activos	1	Unidad	12900	12900		2026-01-24	ALKOSTO-20260124-001	Alkosto centro	Comprado en Alkosto centro el 2026-01-24. Pagado por Sonia.	2026-01-27T01:30:20.187Z	2026-01-27T01:30:20.187Z
inv-1769477420187-pt9exd3ov	Set x4 coladores Arco Iris	activos	1	Set	12900	12900		2026-01-24	ALKOSTO-20260124-001	Alkosto centro	Comprado en Alkosto centro el 2026-01-24. Pagado por Sonia.	2026-01-27T01:30:20.187Z	2026-01-27T01:30:20.187Z
inv-1769814963447-no7mo0lh5	TV Samsung 40"	activos	1	Unidad	957000	957000		2026-01-29	EXITO-20260129-TV	Almacenes Éxito Pasto		2026-01-30T23:16:03.442Z	2026-01-30T23:16:03.442Z
inv-1769814963481-e3lrfe15u	Base para el TV	activos	1	Unidad	100000	100000		2026-01-29	EXITO-20260129-TV	Almacenes Éxito Pasto		2026-01-30T23:16:03.442Z	2026-01-30T23:16:03.442Z
inv-1769814963481-185zpo1ks	Seguro del TV	activos	1	Unidad	70000	70000		2026-01-29	EXITO-20260129-TV	Almacenes Éxito Pasto		2026-01-30T23:16:03.442Z	2026-01-30T23:16:03.442Z
inv-1769965240723-p3819uwv0	Papel higiénico 3H	aseo	1	Paquete	6700	6700		2026-01-31	D1-31012026	Tiendas D1	Compra 2026-01-31 Tiendas D1	2026-02-01T17:00:40.714Z	2026-02-01T17:41:45.216Z
inv-1769965240758-2nxi47xy4	Gaseosa Coca-Cola	aseo	1	Botella	6490	6490		2026-01-31	D1-31012026	Tiendas D1	Compra 2026-01-31 Tiendas D1	2026-02-01T17:00:40.714Z	2026-02-01T17:41:45.216Z
inv-1769965240758-nq7pmvnxc	Gaseosa Schweppes	aseo	1	Botella	4750	4750		2026-01-31	D1-31012026	Tiendas D1	Compra 2026-01-31 Tiendas D1	2026-02-01T17:00:40.714Z	2026-02-01T17:41:45.216Z
inv-1769965240758-57jenlp8n	Moritas de go	comestibles	0	Unidad	4600	0		2026-01-31	D1-31012026	Tiendas D1	Compra 2026-01-31 Tiendas D1	2026-02-01T17:00:40.714Z	2026-02-03T00:41:24.561Z
inv-1769965240758-x1s6mb33k	Limpiador Bic	aseo	1	Unidad	6750	6750		2026-01-31	D1-31012026	Tiendas D1	Compra 2026-01-31 Tiendas D1	2026-02-01T17:00:40.714Z	2026-02-01T17:41:45.216Z
inv-1769965240758-n1ixml5ob	Bolsa papelera	aseo	2	Unidad	2200	4400		2026-01-31	D1-31012026	Tiendas D1	Compra 2026-01-31 Tiendas D1	2026-02-01T17:00:40.714Z	2026-02-01T17:41:45.216Z
inv-1769965240758-vrggr7yty	Bolsa hogar	aseo	1	Unidad	1900	1900		2026-01-31	D1-31012026	Tiendas D1	Compra 2026-01-31 Tiendas D1	2026-02-01T17:00:40.714Z	2026-02-01T17:41:45.216Z
inv-1769965240758-5u3tegwt1	Ambientador	aseo	1	Unidad	5850	5850		2026-01-31	D1-31012026	Tiendas D1	Compra 2026-01-31 Tiendas D1	2026-02-01T17:00:40.714Z	2026-02-01T17:41:45.216Z
inv-1769965240759-a27x6gvi4	Lulo 800 g	comestibles	1	Unidad	5990	5990		2026-01-31	D1-31012026	Tiendas D1	Compra 2026-01-31 Tiendas D1	2026-02-01T17:00:40.714Z	2026-02-03T00:41:49.244Z
inv-1769965466028-pd9uw5185	Azúcar morena	insumos para cafeteria	1.5	kg	3333	5000		2026-01-31	ESQUINA-20260131	Tiendas esquina	Compra 2026-01-31 Tiendas esquina	2026-02-01T17:04:26.019Z	2026-02-01T17:41:45.216Z
inv-1769965466067-ex6tb5ddq	Anís estrellado	insumos para cafeteria	1	Unidad	5000	5000		2026-01-31	ESQUINA-20260131	Tiendas esquina	Compra 2026-01-31 Tiendas esquina	2026-02-01T17:04:26.019Z	2026-02-03T01:16:59.570Z
inv-1770573297943-p46ghnpaq	Lulo	comestibles	6	Unidad	1000	6000		2026-02-07	COMPRA-20260207-001	Compras 7 feb	Compra 2026-02-07 Compras 7 feb	2026-02-08T17:54:57.936Z	2026-02-08T17:54:57.936Z
inv-1770573297982-lhd30iy0o	Tomate	comestibles	2	Unidad	2000	4000		2026-02-07	COMPRA-20260207-001	Compras 7 feb	Compra 2026-02-07 Compras 7 feb	2026-02-08T17:54:57.936Z	2026-02-08T17:54:57.936Z
inv-1770573297982-onsh7ogp5	Albahaca	comestibles	1	Unidad	2000	2000		2026-02-07	COMPRA-20260207-001	Compras 7 feb	Compra 2026-02-07 Compras 7 feb	2026-02-08T17:54:57.936Z	2026-02-08T17:54:57.936Z
inv-1770573297982-7kkbumr33	Maracuyá	comestibles	1	Unidad	4000	4000		2026-02-08	COMPRA-20260208-001	Compras 8 feb	Compra 2026-02-08 Compras 8 feb	2026-02-08T17:54:57.936Z	2026-02-08T17:54:57.936Z
inv-1770573297982-976tntdtw	Arándanos	comestibles	1	Unidad	4000	4000		2026-02-08	COMPRA-20260208-001	Compras 8 feb	Compra 2026-02-08 Compras 8 feb	2026-02-08T17:54:57.936Z	2026-02-08T17:54:57.936Z
inv-1770573297982-zkeqptt55	Menta	comestibles	1	Unidad	4000	4000		2026-02-08	COMPRA-20260208-001	Compras 8 feb	Compra 2026-02-08 Compras 8 feb	2026-02-08T17:54:57.936Z	2026-02-08T17:54:57.936Z
inv-1770684128104-dgjc2z0kh	Cerveza Poker LTA 330 cc	bebidas alcoholicas	24	Lata	2666.58	63998		2026-02-08	BODEGA-BAVARIA-20260208	Bodega Bavaria	Compra 2026-02-08 Bodega Bavaria. Pago efectivo, aporte Gustavo Arteaga.	2026-02-10T00:42:08.097Z	2026-02-10T00:42:08.097Z
inv-1770684128140-jxn35umkl	Cerveza Club Colombia LTA	bebidas alcoholicas	24	Lata	3058.25	73398		2026-02-08	BODEGA-BAVARIA-20260208	Bodega Bavaria	Compra 2026-02-08 Bodega Bavaria. Pago efectivo, aporte Gustavo Arteaga.	2026-02-10T00:42:08.097Z	2026-02-10T00:42:08.097Z
inv-1770684128141-hd27egu89	Cerveza Budweiser LTA 269 cc	bebidas alcoholicas	24	Lata	2333.38	56001		2026-02-08	BODEGA-BAVARIA-20260208	Bodega Bavaria	Compra 2026-02-08 Bodega Bavaria. Pago efectivo, aporte Gustavo Arteaga.	2026-02-10T00:42:08.097Z	2026-02-10T00:42:08.097Z
inv-1771001849777-809qg7jpy	Triple sec	insumos para cocteles	1	Litro	33400	33400		2026-02-12	Paty	Paty	Compra 2026-02-12 Paty. Lo pagó gustavo.	2026-02-13T16:57:29.773Z	2026-02-13T16:57:29.773Z
inv-1771051465478-xs11ux3w6	Chapil de los pastos	insumos para cocteles	2	Litro	18000	36000		2026-02-13	ChapilDeLosPastos	Chapil de los pastos	Compra viernes 13 de febrero 2026, 5pm. 2 L por $36.000.	2026-02-14T06:44:25.473Z	2026-02-14T06:47:33.730Z
inv-1771051787919-5eru0l7pf	Empanadas	acompañantes	6	Unidad	4350	26100		2026-02-13	Parqueadero	Parqueadero	Compra 13 feb 2026 en el parqueadero. 6 empanadas.	2026-02-14T06:49:47.911Z	2026-02-14T06:49:47.911Z
inv-1771051787957-l7y838y6y	Canela, anís y pulpas	insumos para cocteles	1	Compra	34000	34000		2026-02-13	Las Monas	Tienda Las Monas	Compra 13 feb 2026 en tienda Las Monas.	2026-02-14T06:49:47.911Z	2026-02-14T06:49:47.911Z